Hour,Patients
1,22
2,28
3,18
4,26
5,30
6,19
7,21
8,23
9,26
10,21
11,23
12,19
13,25
14,26
15,21
16,27
17,17
18,20
19,21
20,25
21,25
22,16
23,22
24,29
25,21
26,18
27,28
28,27
29,28
30,22
31,30
32,21
33,21
34,28
35,31
36,17
37,28
38,28
39,24
40,21
41,32
42,23
43,20
44,21
45,33
46,26
47,29
48,31
49,21
50,20
51,23
52,17
53,34
54,24
55,37
56,24
57,21
58,26
59,13
60,32
61,18
62,27
63,20
64,22
65,26
66,21
67,27
68,24
69,26
70,27
71,34
72,22
73,20
74,29
75,24
76,32
77,22
78,31
79,26
80,26
81,17
82,25
83,26
84,27
85,21
86,26
87,26
88,16
89,20
90,31
91,29
92,25
93,19
94,21
95,26
96,32
97,23
98,21
99,30
100,19
101,34
102,25
103,18
104,27
105,22
106,24
107,29
108,27
109,31
110,22
111,25
112,24
113,21
114,9
115,29
116,17
117,28
118,26
119,25
120,24
121,29
122,23
123,30
124,23
125,18
126,25
127,26
128,25
129,23
130,22
131,13
132,30
133,24
134,24
135,19
136,23
137,26
138,22
139,24
140,26
141,15
142,34
143,22
144,23
145,34
146,19
147,17
148,16
149,15
150,30
151,29
152,17
153,26
154,21
155,22
156,22
157,30
158,28
159,17
160,24
161,21
162,22
163,32
164,35
165,26
166,21
167,27
168,16
169,14
170,23
171,22
172,18
173,26
174,16
175,27
176,22
177,22
178,28
179,23
180,17
181,14
182,17
183,28
184,37
185,21
186,15
187,26
188,23
189,25
190,13
191,23
192,21
193,24
194,25
195,27
196,21
197,27
198,32
199,35
200,26
201,33
202,12
203,22
204,25
205,30
206,23
207,30
208,23
209,35
210,20
211,26
212,17
213,24
214,24
215,25
216,31
217,18
218,28
219,27
220,18
221,22
222,22
223,32
224,24
225,23
226,24
227,24
228,26
229,15
230,17
231,18
232,19
233,31
234,27
235,19
236,19
237,19
238,17
239,19
240,24
241,26
242,14
243,29
244,19
245,22
246,26
247,23
248,24
249,17
250,25
251,20
252,19
253,25
254,29
255,16
256,25
257,23
258,21
259,26
260,26
261,17
262,20
263,19
264,19
265,16
266,17
267,29
268,19
269,33
270,25
271,28
272,21
273,24
274,17
275,21
276,18
277,25
278,22
279,21
280,20
281,28
282,24
283,22
284,17
285,34
286,15
287,25
288,18
289,19
290,27
291,22
292,22
293,23
294,23
295,28
296,20
297,22
298,32
299,26
300,18
301,26
302,31
303,18
304,20
305,22
306,17
307,17
308,29
309,20
310,27
311,27
312,20
313,25
314,23
315,18
316,24
317,33
318,27
319,25
320,23
321,33
322,23
323,31
324,25
325,14
326,29
327,22
328,25
329,22
330,28
331,20
332,18
333,24
334,32
335,25
336,18
337,24
338,15
339,19
340,25
341,28
342,24
343,23
344,18
345,22
346,26
347,27
348,20
349,29
350,26
351,16
352,27
353,29
354,27
355,21
356,19
357,19
358,23
359,29
360,20
361,25
362,26
363,25
364,28
365,30
366,31
367,23
368,20
369,26
370,18
371,19
372,17
373,21
374,26
375,19
376,18
377,31
378,26
379,23
380,24
381,18
382,16
383,20
384,21
385,27
386,25
387,28
388,25
389,24
390,22
391,17
392,28
393,27
394,20
395,29
396,21
397,22
398,32
399,35
400,19
401,29
402,20
403,34
404,19
405,32
406,27
407,34
408,21
409,20
410,22
411,15
412,25
413,21
414,31
415,20
416,31
417,31
418,28
419,24
420,28
421,23
422,20
423,22
424,21
425,12
426,22
427,29
428,23
429,34
430,26
431,34
432,26
433,20
434,20
435,28
436,23
437,27
438,29
439,20
440,25
441,20
442,30
443,26
444,16
445,22
446,27
447,16
448,27
449,30
450,24
451,29
452,27
453,29
454,27
455,27
456,26
457,31
458,29
459,22
460,30
461,26
462,26
463,28
464,28
465,37
466,17
467,27
468,21
469,15
470,22
471,28
472,28
473,24
474,27
475,23
476,27
477,16
478,26
479,35
480,23
481,23
482,23
483,31
484,19
485,26
486,30
487,38
488,30
489,28
490,18
491,33
492,29
493,17
494,27
495,19
496,15
497,20
498,21
499,22
500,26
501,28
502,24
503,18
504,26
505,25
506,21
507,16
508,10
509,23
510,25
511,29
512,19
513,26
514,27
515,22
516,16
517,25
518,23
519,24
520,16
521,20
522,31
523,19
524,26
525,25
526,19
527,15
528,20
529,30
530,28
531,22
532,30
533,23
534,24
535,32
536,21
537,32
538,26
539,28
540,19
541,39
542,30
543,20
544,23
545,22
546,18
547,39
548,26
549,28
550,20
551,19
552,22
553,23
554,26
555,18
556,26
557,25
558,19
559,20
560,24
561,11
562,23
563,21
564,12
565,26
566,23
567,24
568,18
569,21
570,19
571,39
572,27
573,30
574,27
575,34
576,24
577,30
578,27
579,20
580,22
581,17
582,25
583,31
584,21
585,29
586,29
587,29
588,25
589,21
590,23
591,22
592,20
593,20
594,26
595,26
596,22
597,24
598,22
599,25
600,26
601,29
602,36
603,19
604,26
605,22
606,24
607,21
608,29
609,21
610,27
611,23
612,19
613,19
614,27
615,25
616,37
617,29
618,35
619,20
620,26
621,22
622,28
623,29
624,27
625,26
626,25
627,20
628,26
629,20
630,25
631,27
632,23
633,17
634,27
635,21
636,19
637,20
638,15
639,15
640,20
641,31
642,25
643,22
644,25
645,24
646,19
647,19
648,16
649,28
650,27
651,33
652,23
653,25
654,24
655,16
656,29
657,20
658,25
659,23
660,26
661,32
662,22
663,30
664,29
665,16
666,19
667,26
668,18
669,33
670,26
671,19
672,23
673,22
674,37
675,21
676,23
677,26
678,26
679,18
680,28
681,18
682,21
683,27
684,29
685,21
686,24
687,18
688,23
689,22
690,29
691,28
692,23
693,28
694,25
695,36
696,17
697,23
698,16
699,18
700,28
701,22
702,23
703,29
704,27
705,20
706,23
707,26
708,26
709,15
710,18
711,24
712,12
713,27
714,15
715,22
716,22
717,26
718,19
719,26
720,20
